,topology,lr,clip,sigma,sigma-cor,T,accuracy
8,ring,5.0,5.0,0.0122727272727272,0.3444689378757515,500,0.8501
5,ring,1.0,5.0,0.0122727272727272,0.3444689378757515,500,0.8776
7,ring,5.0,1.0,0.0024545454545454,0.0688937875751503,500,0.8811
0,ring,0.5,0.5,0.0012272727272727,0.0344468937875751,500,0.8929
2,ring,0.5,5.0,0.0122727272727272,0.3444689378757515,500,0.8962
6,ring,5.0,0.5,0.0012272727272727,0.0344468937875751,500,0.9005
3,ring,1.0,0.5,0.0012272727272727,0.0344468937875751,500,0.9033
1,ring,0.5,1.0,0.0024545454545454,0.0688937875751503,500,0.904
4,ring,1.0,1.0,0.0024545454545454,0.0688937875751503,500,0.9078
