,clip,sigma,sigma-cor,eps-iter,eps,sigma-cdp,sigma-ldp
0,2,-1.0,-1.0,-1.0,-1.0,-1.0,-1.0
1,2,0.004489795918367347,0.02554909819639279,25520.444252841484,5.019674129670071,0.0011065751055794712,0.01770520168927154
