,topology,method,gamma,c_clip,eps_iter,eps,sigma,sigma_cor,loss
0,centralized,Corr,0.0017,1.0,0.0012334145929871363,15.0,-1.0,-1.0,inf
1,centralized,Corr,0.0017,1.0,0.0012961645661979325,15.456239689079995,10.683356696897109,24.0,0.012578151041770517
