,topology,method,gamma,c_clip,eps_iter,eps,sigma,sigma_cor,loss
0,ring,Corr,0.001668,1.0,0.00023638929807481092,7.0,-1.0,-1.0,inf
1,ring,Corr,0.001668,1.0,0.00025038555054674296,7.22909548931076,24.40328907974737,251.0,1.1004352596053621
2,ring,Corr,0.001668,1.0,0.00033000497287129286,8.448200330241656,25.811171142040486,126.0,0.8562211212075043
3,ring,Corr,0.001668,1.0,0.0003089079848878662,8.137386878089815,27.219053204333605,126.0,0.45284723559083817
