,topology,method,gamma,c_clip,eps_iter,eps,sigma,sigma_cor,loss
0,centralized,CDP,1e-05,1.0,0.009546680555257741,40,-1.0,-1,10.0
1,centralized,CDP,0.0016681005372000592,1.5,0.009546680555257741,40,2.713876463349498,0,0.0051726098131625485
2,centralized,CDP,0.0016681005372000592,2.0,0.009546680555257741,40,3.618501951132664,0,9.040832343612346e-05
3,centralized,CDP,0.004641588833612777,1.0,0.009546680555257741,40,1.809250975566332,0,5.652458626489736e-05
