,topology,method,gamma,c_clip,eps_iter,eps,sigma,sigma_cor,loss
0,grid,Corr,0.001668,1.0,0.0026578262659600095,30.0,-1.0,-1.0,inf
1,grid,Corr,0.001668,1.0,0.002708463891754353,30.373469622885217,7.277780878740791,39.0,0.03634335575470412
2,grid,Corr,0.001668,1.0,0.002692259136517219,30.254155207225374,7.697652852514299,30.0,0.02203445106194311
3,grid,Corr,0.001668,1.0,0.0026645232395115194,30.049499073188983,8.117524826287806,26.0,0.022012048453093052
4,grid,Corr,0.001668,1.0,0.0026679989651917117,30.07517615692052,9.377140747608328,20.0,0.01825057211271753
5,grid,Corr,0.001668,1.0,0.0028242648315398447,31.220758438220027,11.056628642702357,16.0,0.014740573423951126
