,topology,method,gamma,c_clip,eps_iter,eps,sigma,sigma_cor,loss
0,grid,Corr,0.0017,1.0,0.00017984939217119983,5.0,-1.0,-1.0,inf
1,grid,Corr,0.0017,1.0,0.0001929152154403318,5.1950563295559595,27.97742775257891,126.0,1.8324357418702795
2,grid,Corr,0.0017,1.0,0.00026833420807622314,6.228993252104406,29.591510122920003,63.0,1.233221254768828
3,grid,Corr,0.0017,1.0,0.00025297180373937795,6.029137321700839,31.205592493261094,63.0,0.8720191059411098
4,grid,Corr,0.0017,1.0,0.00023964601282717285,5.851758827012095,32.81967486360219,63.0,0.7424868013125283
5,grid,Corr,0.0017,1.0,0.00022798028355697716,5.693152844348603,34.433757233943275,63.0,0.4230680870616209
