,topology,method,gamma,c_clip,eps_iter,eps,sigma,sigma_cor,loss
0,grid,Corr,0.0017,1.5,0.0003309450173047353,7.0,-1.0,-1.0,inf
1,grid,Corr,0.0017,1.5,0.00036832393004093477,7.432711201448719,30.93681539267765,126.0,1.0334700601872666
2,grid,Corr,0.0017,1.5,0.00033695984829651816,7.070877458965888,32.72163166533213,126.0,0.7183323523251631
3,grid,Corr,0.0017,1.5,0.0003667038342443981,7.414323676387286,34.50644793798661,94.0,0.587840428577331
4,grid,Corr,0.0017,1.5,0.00037730209846627814,7.5340449844437405,38.07608048329557,78.0,0.3739797729110421
5,grid,Corr,0.0017,1.5,0.0003962614073629426,7.745006224339852,45.21534557391349,63.0,0.3735989335059953
