,topology,method,gamma,c_clip,eps_iter,eps,sigma,sigma_cor,loss
0,centralized,Corr,0.0017,1.5,0.00017984939217119983,5.0,-1.0,-1.0,inf
1,centralized,Corr,0.0017,1.5,0.00022433630740308059,5.642934024458753,41.966141628868364,63.0,0.5155677951594558
