,topology,method,gamma,c_clip,eps_iter,eps,sigma,sigma_cor,loss
0,centralized,Corr,0.0017,1.5,6.93932847700401e-05,3.0,-1.0,-1.0,inf
1,centralized,Corr,0.0017,1.5,7.79323738127058e-05,3.190210060809237,67.56080356242892,126.0,2.5282057560207534
