,topology,method,gamma,c_clip,eps_iter,eps,sigma,sigma_cor,loss
0,grid,Corr,0.0017,1.5,0.0028079875771123315,25.0,-1.0,-1.0,inf
1,grid,Corr,0.0017,1.5,0.0028872252983871507,25.450015873404052,10.62076838896019,55.0,0.09488179321496817
2,grid,Corr,0.0017,1.5,0.00286638763652679,25.332010821161454,11.233505026784815,43.0,0.044852962902211586
3,grid,Corr,0.0017,1.5,0.002869322556091121,25.34864592577292,14.909924853732575,26.0,0.0400545220735418
4,grid,Corr,0.0017,1.5,0.0029046441090227124,25.548477453526665,17.97360804285571,22.0,0.037982736457351424
