,topology,method,gamma,c_clip,eps_iter,eps,sigma,sigma_cor,loss
0,grid,Corr,0.001668,1.0,0.00023638929807481092,7.0,-1.0,-1.0,inf
1,grid,Corr,0.001668,1.0,0.0002432540974733476,7.1130127812582975,24.40328907974737,126.0,0.45634887699734683
2,grid,Corr,0.001668,1.0,0.0003153567783363996,8.233230274335272,25.811171142040486,63.0,0.3739325639850491
3,grid,Corr,0.001668,1.0,0.0002956745238782163,7.938273219793089,27.219053204333605,63.0,0.32138701349643567
4,grid,Corr,0.001668,1.0,0.0002786832295582054,7.677512572378305,28.62693526662672,63.0,0.2953913343591576
5,grid,Corr,0.001668,1.0,0.00025089674859256263,7.237366397351149,31.442699391212955,63.0,0.2570529257715987
