,topology,method,gamma,c_clip,eps_iter,eps,sigma,sigma_cor,loss
0,centralized,Corr,0.0017,1.0,0.0003309450173047353,7.0,-1.0,-1.0,inf
1,centralized,Corr,0.0017,1.0,0.00040540549001415123,7.845353294011406,20.624543595118432,32.0,0.09332929391894344
