,topology,method,gamma,c_clip,eps_iter,eps,sigma,sigma_cor,loss
0,grid,Corr,0.0017,1.0,0.005728008333154645,40.0,-1.0,-1.0,inf
1,grid,Corr,0.0017,1.0,0.005762996663187634,40.16578178719765,4.957474049916355,28.0,0.025260308485758044
2,grid,Corr,0.0017,1.0,0.0059257945023200274,40.934063286437606,6.101506522973976,14.0,0.006366672920935737
