,topology,method,gamma,c_clip,eps_iter,eps,sigma,sigma_cor,loss
0,grid,Corr,0.0017,1.0,0.0028079875771123315,25.0,-1.0,-1.0,inf
1,grid,Corr,0.0017,1.0,0.00284202229574846,25.193723700483044,7.080512259306793,39.0,0.05872240591582904
2,grid,Corr,0.0017,1.0,0.0028963682270204023,25.50171778913853,7.4890033511898775,28.0,0.020907980926843442
3,grid,Corr,0.0017,1.0,0.0029017080072544924,25.53189240416562,7.8974944430729614,24.0,0.01990428428131814
4,grid,Corr,0.0017,1.0,0.0029044145349224953,25.54718083524206,8.71447662683913,20.0,0.01437958595079356
