,topology,method,gamma,c_clip,eps_iter,eps,sigma,sigma_cor,loss
0,grid,Corr,0.0017,1.5,0.005728008333154645,40.0,-1.0,-1.0,inf
1,grid,Corr,0.0017,1.5,0.005732202559276973,40.019885685179375,7.4362110748745325,43.0,0.05074122518686027
2,grid,Corr,0.0017,1.5,0.005812768623132318,40.401202936183765,8.294235429667747,26.0,0.01734041674202218
3,grid,Corr,0.0017,1.5,0.005859570375344514,40.62214233296459,9.58127196185757,20.0,0.01634136880452181
4,grid,Corr,0.0017,1.5,0.006031219223028898,41.42894507790675,11.72633284884061,16.0,0.01505435122788436
