,topology,method,gamma,c_clip,eps_iter,eps,sigma,sigma_cor,loss
0,grid,Corr,0.0017,1.5,0.00017984939217119983,5.0,-1.0,-1.0,inf
1,grid,Corr,0.0017,1.5,0.00023290114676753347,5.760450954517169,41.966141628868364,126.0,1.9521079700383444
2,grid,Corr,0.0017,1.5,0.00021563571643564995,5.5216568329385005,44.38726518438,126.0,1.851290480888685
3,grid,Corr,0.0017,1.5,0.00020091682308654314,5.311803892460068,46.80838873989164,126.0,1.5417815453943036
4,grid,Corr,0.0017,1.5,0.00022916626538967475,5.709426281118145,51.65063585091491,94.0,0.8506132843355338
