,topology,lr,clip,sigma,sigma-cor,T,accuracy
0,ring,0.5,0.5,0.0014090909090909,0.0313562124248497,500,0.8932
1,ring,0.5,1.0,0.0028181818181818,0.0627124248496994,500,0.9044
2,ring,0.5,5.0,0.014090909090909,0.313562124248497,500,0.9017
3,ring,1.0,0.5,0.0014090909090909,0.0313562124248497,500,0.9039
4,ring,1.0,1.0,0.0028181818181818,0.0627124248496994,500,0.9085
5,ring,1.0,5.0,0.014090909090909,0.313562124248497,500,0.8851
6,ring,5.0,0.5,0.0014090909090909,0.0313562124248497,500,0.9046
7,ring,5.0,1.0,0.0028181818181818,0.0627124248496994,500,0.8877
8,ring,5.0,5.0,0.014090909090909,0.313562124248497,500,0.859
