,topology,lr,clip,sigma,sigma-cor,T,accuracy
8,ring,5.0,5.0,0.015,0.313562124248497,500,0.858
5,ring,1.0,5.0,0.015,0.313562124248497,500,0.8845
7,ring,5.0,1.0,0.003,0.0627124248496994,500,0.8871
0,ring,0.5,0.5,0.0015,0.0313562124248497,500,0.8933
2,ring,0.5,5.0,0.015,0.313562124248497,500,0.9023
3,ring,1.0,0.5,0.0015,0.0313562124248497,500,0.9041
1,ring,0.5,1.0,0.003,0.0627124248496994,500,0.9046
6,ring,5.0,0.5,0.0015,0.0313562124248497,500,0.905
4,ring,1.0,1.0,0.003,0.0627124248496994,500,0.9085
